level	start	end	color	opacity	title	initiation	in	out	children	parents	prof_uid
1	5005861	5005880	#FFC0CB	1.0	ProfTask <1>						3109
1	5023013	5023016	#FFC0CB	1.0	ProfTask <4>						3111
1	5023132	5023133	#FFC0CB	1.0	ProfTask <7>						3113
1	5023806	5023807	#FFC0CB	1.0	ProfTask <34>						3115
1	5023921	5023921	#FFC0CB	1.0	ProfTask <13>						3117
1	5025099	5068552	#ca00ff	1.0	update_density <193>						3271
1	5068577	5068578	#FFC0CB	1.0	ProfTask <193>						3119
1	5073938	5073940	#FFC0CB	1.0	ProfTask <194>						3121
1	5079617	5205757	#ff001d	1.0	update_by_pressure_force <204>						3527
1	5205781	5205818	#0042ff	1.0	integrate <216>						4033
1	5205833	5205863	#0042ff	1.0	integrate <218>						3745
1	5205872	5205907	#0042ff	1.0	integrate <220>						4034
1	5205981	5249402	#ca00ff	1.0	update_density <231>						3033
1	5249425	5249428	#FFC0CB	1.0	ProfTask <231>						3123
1	5249430	5249432	#FFC0CB	1.0	ProfTask <231>						3125
1	5249542	5249543	#FFC0CB	1.0	ProfTask <231>						3127
1	5249830	5249830	#FFC0CB	1.0	ProfTask <232>						3129
1	5249844	5249846	#FFC0CB	1.0	ProfTask <232>						3131
1	5251693	5251695	#FFC0CB	1.0	ProfTask <230>						3133
1	5251757	5251758	#FFC0CB	1.0	ProfTask <230>						3135
1	5252014	5252015	#FFC0CB	1.0	ProfTask <227>						3137
1	5252797	5368179	#ff001d	1.0	update_by_pressure_force <243>						3277
1	5368243	5368244	#FFC0CB	1.0	ProfTask <242>						3139
1	5368274	5368275	#FFC0CB	1.0	ProfTask <243>						3141
1	5368288	5368289	#FFC0CB	1.0	ProfTask <242>						3143
1	5368345	5368346	#FFC0CB	1.0	ProfTask <242>						3145
1	5369907	5369910	#FFC0CB	1.0	ProfTask <244>						3147
1	5374751	5374759	#FFC0CB	1.0	ProfTask <252>						3149
1	5374827	5419205	#ca00ff	1.0	update_density <267>						3530
1	5420747	5420749	#FFC0CB	1.0	ProfTask <265>						3151
1	5421870	5544680	#ff001d	1.0	update_by_pressure_force <276>						3531
1	5544725	5544788	#0042ff	1.0	integrate <290>						3535
1	5544826	5589074	#ca00ff	1.0	update_density <299>						13
1	5589141	5589142	#FFC0CB	1.0	ProfTask <299>						3153
1	5592285	5724053	#ff001d	1.0	update_by_pressure_force <312>						4044
1	5724110	5724206	#0042ff	1.0	integrate <327>						4048
1	5724260	5767234	#ca00ff	1.0	update_density <335>						3039
1	5767251	5767252	#FFC0CB	1.0	ProfTask <335>						3155
1	5767263	5767265	#FFC0CB	1.0	ProfTask <335>						3157
1	5767382	5767384	#FFC0CB	1.0	ProfTask <335>						3159
1	5768656	5768660	#FFC0CB	1.0	ProfTask <339>						3161
1	5768798	5768804	#FFC0CB	1.0	ProfTask <339>						3163
1	5769042	5769044	#FFC0CB	1.0	ProfTask <336>						3165
1	5769054	5769054	#FFC0CB	1.0	ProfTask <336>						3167
1	5769156	5769156	#FFC0CB	1.0	ProfTask <340>						3169
1	5769219	5769220	#FFC0CB	1.0	ProfTask <340>						3171
1	5769959	5894973	#ff001d	1.0	update_by_pressure_force <350>						3539
1	5895038	5895108	#0042ff	1.0	integrate <364>						3540
1	5895156	5895158	#FFC0CB	1.0	ProfTask <363>						3173
1	5895176	5940436	#ca00ff	1.0	update_density <372>						3043
1	5940449	5940451	#FFC0CB	1.0	ProfTask <372>						3175
1	5940466	5940468	#FFC0CB	1.0	ProfTask <372>						3177
1	5940489	5940490	#FFC0CB	1.0	ProfTask <376>						3179
1	5940764	5940765	#FFC0CB	1.0	ProfTask <375>						3181
1	5941225	5941229	#FFC0CB	1.0	ProfTask <373>						3183
1	5941246	5941246	#FFC0CB	1.0	ProfTask <373>						3185
1	5942884	6061987	#ff001d	1.0	update_by_pressure_force <388>						3047
1	6062001	6062002	#FFC0CB	1.0	ProfTask <388>						3187
1	6063816	6063817	#FFC0CB	1.0	ProfTask <383>						3189
1	6063832	6063833	#FFC0CB	1.0	ProfTask <383>						3191
1	6071759	6071844	#0042ff	1.0	integrate <400>						3760
1	6071901	6121640	#ca00ff	1.0	update_density <412>						29
1	6121721	6242507	#ff001d	1.0	update_by_pressure_force <424>						3049
1	6242517	6242518	#FFC0CB	1.0	ProfTask <424>						3193
1	6242532	6242533	#FFC0CB	1.0	ProfTask <424>						3195
1	6242603	6242603	#FFC0CB	1.0	ProfTask <424>						3197
1	6245687	6245689	#FFC0CB	1.0	ProfTask <419>						3199
1	6245720	6245720	#FFC0CB	1.0	ProfTask <1786706395136>						3201
1	6246144	6246144	#FFC0CB	1.0	ProfTask <423>						3203
1	6246234	6246235	#FFC0CB	1.0	ProfTask <423>						3205
1	6247038	6247047	#FFC0CB	1.0	ProfTask <422>						3207
1	6247207	6247208	#FFC0CB	1.0	ProfTask <422>						3209
1	6247245	6247246	#FFC0CB	1.0	ProfTask <1786706395136>						3211
1	6251064	6251067	#FFC0CB	1.0	ProfTask <420>						3213
1	6253978	6254091	#0042ff	1.0	integrate <433>						4060
1	6254124	6254128	#FFC0CB	1.0	ProfTask <436>						3215
1	6254166	6254167	#FFC0CB	1.0	ProfTask <432>						3217
1	6254196	6307049	#ca00ff	1.0	update_density <443>						3765
1	6307073	6307076	#FFC0CB	1.0	ProfTask <443>						3219
1	6308345	6440333	#ff001d	1.0	update_by_pressure_force <456>						3767
1	6440379	6440466	#0042ff	1.0	integrate <472>						3769
1	6440527	6487796	#ca00ff	1.0	update_density <483>						3053
1	6487822	6487825	#FFC0CB	1.0	ProfTask <483>						3221
1	6487860	6487861	#FFC0CB	1.0	ProfTask <483>						3223
1	6488062	6488064	#FFC0CB	1.0	ProfTask <479>						3225
1	6488069	6488073	#FFC0CB	1.0	ProfTask <483>						3227
1	6488242	6488257	#FFC0CB	1.0	ProfTask <479>						3229
1	6489952	6617493	#ff001d	1.0	update_by_pressure_force <495>						3055
1	6617506	6617507	#FFC0CB	1.0	ProfTask <495>						3231
1	6617528	6617528	#FFC0CB	1.0	ProfTask <495>						3233
1	6617613	6617614	#FFC0CB	1.0	ProfTask <495>						3235
1	6618022	6618023	#FFC0CB	1.0	ProfTask <493>						3237
1	6618043	6618052	#FFC0CB	1.0	ProfTask <493>						3239
1	6623505	6623552	#0042ff	1.0	integrate <507>						3548
1	6623645	6675767	#ca00ff	1.0	update_density <517>						3555
1	6677046	6677047	#FFC0CB	1.0	ProfTask <516>						3241
1	6677052	6805868	#ff001d	1.0	update_by_pressure_force <527>						3058
1	6805889	6805894	#FFC0CB	1.0	ProfTask <527>						3243
1	6805902	6805903	#FFC0CB	1.0	ProfTask <527>						3245
1	6806064	6806066	#FFC0CB	1.0	ProfTask <527>						3247
1	6810017	6810030	#FFC0CB	1.0	ProfTask <530>						3249
1	6810649	6810650	#FFC0CB	1.0	ProfTask <532>						3251
1	6811441	6811443	#FFC0CB	1.0	ProfTask <529>						3253
1	6812811	6812873	#0042ff	1.0	integrate <541>						4068
1	6812943	6812945	#FFC0CB	1.0	ProfTask <531>						3255
1	6813429	6813432	#FFC0CB	1.0	ProfTask <55>						3257
1	6813451	6813453	#FFC0CB	1.0	ProfTask <56>						3259
